kind,variant,process,iterations,median,p90,unit,bytes,ok,d3d12_ran,uma,cc_uma,host,date,error
caps,-,headless,0,0.000,0.000,-,0,1,1,1,1,xbox-series-s,2026-10-01T21:22:26Z,-
heap,default,headless,5,144.380,144.936,gbs,37748736,1,1,1,1,xbox-series-s,2026-10-01T21:22:26Z,-
heap,upload,headless,5,57.699,57.780,gbs,37748736,1,1,1,1,xbox-series-s,2026-10-01T21:22:26Z,-
heap,custom,headless,5,57.837,59.309,gbs,37748736,1,1,1,1,xbox-series-s,2026-10-01T21:22:26Z,-
rt,event-copy,headless,500,56.891,66.223,us,9216,1,1,1,1,xbox-series-s,2026-10-01T21:22:26Z,-
rt,spin-copy,headless,500,53.123,60.871,us,9216,1,1,1,1,xbox-series-s,2026-10-01T21:22:26Z,-
rt,spin-zerocopy,headless,500,49.705,53.784,us,9216,1,1,1,1,xbox-series-s,2026-10-01T21:22:26Z,-
step,qwen25-coder-3b/sync,headless,50,21.159,21.447,ms,1922979840,1,1,1,1,xbox-series-s,2026-10-01T21:22:26Z,-
step,qwen25-coder-3b/nosync,headless,50,14.738,14.786,ms,1922979840,1,1,1,1,xbox-series-s,2026-10-01T21:22:26Z,-
step,lfm25-1.2b-instruct/sync,headless,50,8.501,8.604,ms,692846592,1,1,1,1,xbox-series-s,2026-10-01T21:22:26Z,-
step,lfm25-1.2b-instruct/nosync,headless,50,5.677,5.726,ms,692846592,1,1,1,1,xbox-series-s,2026-10-01T21:22:26Z,-
step,lfm25-350m/sync,headless,50,4.891,5.005,ms,216662016,1,1,1,1,xbox-series-s,2026-10-01T21:22:26Z,-
step,lfm25-350m/nosync,headless,50,2.258,2.284,ms,216662016,1,1,1,1,xbox-series-s,2026-10-01T21:22:26Z,-
caps,-,inproc,0,0.000,0.000,-,0,1,1,1,1,xbox-series-s,2026-10-01T21:22:38Z,-
heap,default,inproc,5,118.694,127.781,gbs,37748736,1,1,1,1,xbox-series-s,2026-10-01T21:22:38Z,-
heap,upload,inproc,5,52.069,53.866,gbs,37748736,1,1,1,1,xbox-series-s,2026-10-01T21:22:38Z,-
heap,custom,inproc,5,53.860,54.182,gbs,37748736,1,1,1,1,xbox-series-s,2026-10-01T21:22:38Z,-
rt,event-copy,inproc,500,70.994,209.234,us,9216,1,1,1,1,xbox-series-s,2026-10-01T21:22:38Z,-
rt,spin-copy,inproc,500,60.811,175.015,us,9216,1,1,1,1,xbox-series-s,2026-10-01T21:22:38Z,-
rt,spin-zerocopy,inproc,500,60.982,155.320,us,9216,1,1,1,1,xbox-series-s,2026-10-01T21:22:38Z,-
step,qwen25-coder-3b/sync,inproc,50,21.504,21.942,ms,1922979840,1,1,1,1,xbox-series-s,2026-10-01T21:22:38Z,-
step,qwen25-coder-3b/nosync,inproc,50,14.897,14.949,ms,1922979840,1,1,1,1,xbox-series-s,2026-10-01T21:22:38Z,-
step,lfm25-1.2b-instruct/sync,inproc,50,8.663,8.854,ms,692846592,1,1,1,1,xbox-series-s,2026-10-01T21:22:38Z,-
step,lfm25-1.2b-instruct/nosync,inproc,50,5.694,5.885,ms,692846592,1,1,1,1,xbox-series-s,2026-10-01T21:22:38Z,-
step,lfm25-350m/sync,inproc,50,4.973,5.214,ms,216662016,1,1,1,1,xbox-series-s,2026-10-01T21:22:38Z,-
step,lfm25-350m/nosync,inproc,50,2.266,2.372,ms,216662016,1,1,1,1,xbox-series-s,2026-10-01T21:22:38Z,-
