model,quant,backend,n_ctx,n_threads,prompt_tok_s,decode_tok_s,peak_ws_mb,load_ms,gpu_mem_mb,gpu_budget_mb,n_prompt_tok,n_gen_tok,max_length,host,date,run_index,prefill_ms,ttft_ms
lfm25-230m,Q4_K_M,cpu,2048,6,756.75,121.77,240,621,0,0,298,79,0,xbox-series-s-t6,2026-09-29T23:28:15Z,2,393.8,394.1
lfm25-230m,Q4_K_M,cpu,2048,6,757.06,121.57,244,616,0,0,298,128,0,xbox-series-s-t6,2026-09-29T23:28:31Z,3,393.6,394.0
lfm25-230m,Q4_K_M,cpu,2048,6,750.34,142.55,240,616,0,0,298,6,0,xbox-series-s-t6,2026-09-29T23:28:47Z,4,397.2,397.5
shape-ref-230m,Q4_K_M,cpu,2048,6,754.76,121.44,244,611,0,0,298,128,0,xbox-series-s-t6,2026-09-29T23:29:23Z,2,394.8,395.2
shape-ref-230m,Q4_K_M,cpu,2048,6,757.96,121.12,244,620,0,0,298,128,0,xbox-series-s-t6,2026-09-29T23:29:39Z,3,393.2,393.5
shape-ref-230m,Q4_K_M,cpu,2048,6,754.49,120.89,244,610,0,0,298,128,0,xbox-series-s-t6,2026-09-29T23:29:55Z,4,395.0,395.3
lfm25-350m,Q4_0,cpu,2048,6,373.84,119.30,311,1029,0,0,298,6,0,xbox-series-s-t6,2026-09-29T23:30:29Z,2,797.1,797.6
lfm25-350m,Q4_0,cpu,2048,6,374.35,101.51,311,1030,0,0,298,96,0,xbox-series-s-t6,2026-09-29T23:30:46Z,3,796.0,796.5
lfm25-350m,Q4_0,cpu,2048,6,374.12,101.38,311,1036,0,0,298,128,0,xbox-series-s-t6,2026-09-29T23:31:03Z,4,796.5,797.0
shape-ref-350m,Q4_0,cpu,2048,6,374.71,101.09,311,1034,0,0,298,128,0,xbox-series-s-t6,2026-09-29T23:31:37Z,2,795.3,795.8
shape-ref-350m,Q4_0,cpu,2048,6,374.09,101.09,311,1030,0,0,298,128,0,xbox-series-s-t6,2026-09-29T23:31:53Z,3,796.6,797.1
shape-ref-350m,Q4_0,cpu,2048,6,374.49,101.36,311,1029,0,0,298,128,0,xbox-series-s-t6,2026-09-29T23:32:10Z,4,795.8,796.2
lfm25-1.2b-instruct,Q4_0,cpu,2048,6,109.64,40.05,783,3906,0,0,298,47,0,xbox-series-s-t6,2026-09-29T23:32:46Z,2,2718.0,2718.4
lfm25-1.2b-instruct,Q4_0,cpu,2048,6,109.46,40.09,783,3927,0,0,298,57,0,xbox-series-s-t6,2026-09-29T23:33:02Z,3,2722.4,2722.9
lfm25-1.2b-instruct,Q4_0,cpu,2048,6,109.74,40.07,783,3942,0,0,298,90,0,xbox-series-s-t6,2026-09-29T23:33:17Z,4,2715.4,2715.8
shape-ref-1.2b,Q4_0,cpu,2048,6,109.49,40.19,783,3911,0,0,298,128,0,xbox-series-s-t6,2026-09-29T23:33:49Z,2,2721.6,2722.1
shape-ref-1.2b,Q4_0,cpu,2048,6,109.70,40.11,783,3883,0,0,298,128,0,xbox-series-s-t6,2026-09-29T23:34:04Z,3,2716.6,2717.0
shape-ref-1.2b,Q4_0,cpu,2048,6,109.43,40.15,783,3873,0,0,298,128,0,xbox-series-s-t6,2026-09-29T23:34:20Z,4,2723.1,2723.5
shape-d8,Q4_0,cpu,2048,6,118.14,40.27,829,3674,0,0,298,128,0,xbox-series-s-t6,2026-09-29T23:34:51Z,2,2522.4,2522.9
shape-d8,Q4_0,cpu,2048,6,118.11,40.29,829,3713,0,0,298,128,0,xbox-series-s-t6,2026-09-29T23:35:06Z,3,2523.0,2523.4
shape-d8,Q4_0,cpu,2048,6,118.06,40.26,829,3690,0,0,298,128,0,xbox-series-s-t6,2026-09-29T23:35:22Z,4,2524.2,2524.6
shape-d12,Q4_0,cpu,2048,6,113.15,40.50,793,3618,0,0,298,128,0,xbox-series-s-t6,2026-09-29T23:35:52Z,2,2633.6,2634.1
shape-d12,Q4_0,cpu,2048,6,112.94,40.55,793,3795,0,0,298,128,0,xbox-series-s-t6,2026-09-29T23:36:08Z,3,2638.7,2639.1
shape-d12,Q4_0,cpu,2048,6,112.97,40.55,793,3856,0,0,298,128,0,xbox-series-s-t6,2026-09-29T23:36:23Z,4,2637.9,2638.4
shape-d24,Q4_0,cpu,2048,6,112.61,41.11,738,3738,0,0,298,128,0,xbox-series-s-t6,2026-09-29T23:36:53Z,2,2646.4,2646.8
shape-d24,Q4_0,cpu,2048,6,112.74,41.17,738,3641,0,0,298,128,0,xbox-series-s-t6,2026-09-29T23:37:08Z,3,2643.3,2643.8
shape-d24,Q4_0,cpu,2048,6,112.62,41.10,736,3660,0,0,298,128,0,xbox-series-s-t6,2026-09-29T23:37:24Z,4,2646.0,2646.4
shape-d32,Q4_0,cpu,2048,6,107.51,38.71,757,3866,0,0,298,128,0,xbox-series-s-t6,2026-09-29T23:37:56Z,2,2771.8,2772.2
shape-d32,Q4_0,cpu,2048,6,107.44,38.69,757,3894,0,0,298,128,0,xbox-series-s-t6,2026-09-29T23:38:11Z,3,2773.6,2774.0
shape-d32,Q4_0,cpu,2048,6,107.44,38.67,757,3854,0,0,298,128,0,xbox-series-s-t6,2026-09-29T23:38:26Z,4,2773.7,2774.1
shape-v32k,Q4_0,cpu,2048,6,109.89,43.34,721,4239,0,0,348,128,0,xbox-series-s-t6,2026-09-29T23:38:57Z,2,3166.9,3167.2
shape-v32k,Q4_0,cpu,2048,6,110.02,43.30,721,4235,0,0,348,128,0,xbox-series-s-t6,2026-09-29T23:39:13Z,3,3163.1,3163.4
shape-v32k,Q4_0,cpu,2048,6,110.11,43.25,721,4255,0,0,348,128,0,xbox-series-s-t6,2026-09-29T23:39:28Z,4,3160.5,3160.8
shape-v16k,Q4_0,cpu,2048,6,110.52,45.35,695,4552,0,0,385,128,0,xbox-series-s-t6,2026-09-29T23:39:59Z,2,3483.4,3483.6
shape-v16k,Q4_0,cpu,2048,6,110.61,45.34,695,4501,0,0,385,128,0,xbox-series-s-t6,2026-09-29T23:40:14Z,3,3480.7,3480.8
shape-v16k,Q4_0,cpu,2048,6,110.51,45.26,695,4508,0,0,385,128,0,xbox-series-s-t6,2026-09-29T23:40:30Z,4,3484.0,3484.1
